{"cameraMode":{"drawMode":0,"name":"Shaded","section":"Shading Mode"},"sceneLighting":false,"audioPlay":false,"sceneViewState":{"m_AlwaysRefresh":false,"showFog":true,"showSkybox":false,"showFlares":true,"showImageEffects":true,"showParticleSystems":true,"showVisualEffectGraphs":true,"m_FxEnabled":true},"in2DMode":false,"pivot":{"x":8.600000381469727,"y":1.834841251373291,"z":11.59167766571045},"rotation":{"x":0.0001498118508607149,"y":-0.9965224862098694,"z":0.08330141007900238,"w":0.0017905146814882756},"size":2.7649993896484377,"orthographic":false}